City_ID,City,Country,Date,Lat,Lng,Max Temp,Humidity,Cloudiness,Wind Speed
0,Amahai,ID,2020-11-27 17:28:44,-3.33,128.92,84.0,88,93,4.23
1,Esso,RU,2020-11-27 17:28:44,55.93,158.7,5.86,88,96,3.0
2,Jamestown,US,2020-11-27 17:28:44,42.1,-79.24,46.0,75,90,11.41
3,Bredasdorp,ZA,2020-11-27 17:28:45,-34.53,20.04,64.4,68,96,20.8
4,Busselton,AU,2020-11-27 17:28:45,-33.65,115.33,46.99,94,0,9.17
5,Arraial Do Cabo,BR,2020-11-27 17:28:45,-22.97,-42.03,86.0,65,0,21.92
6,Albany,US,2020-11-27 17:27:08,42.6,-73.97,51.01,69,68,6.29
7,Olafsvik,IS,2020-11-27 17:28:45,64.89,-23.71,34.41,83,94,37.63
8,Cape Town,ZA,2020-11-27 17:24:43,-33.93,18.42,73.4,43,0,13.87
9,Luderitz,NA,2020-11-27 17:28:45,-26.65,15.16,64.4,77,0,23.04
10,Kilis,TR,2020-11-27 17:24:32,36.72,37.12,41.0,75,0,4.7
11,Broome,US,2020-11-27 17:28:45,42.25,-75.83,48.0,81,90,3.36
12,Ushuaia,AR,2020-11-27 17:28:46,-54.8,-68.3,51.8,32,75,18.34
13,Avarua,CK,2020-11-27 17:28:46,-21.21,-159.78,75.2,83,73,8.05
14,Poltavka,RU,2020-11-27 17:28:46,54.37,71.76,8.06,95,100,7.65
15,Klaksvik,FO,2020-11-27 17:28:46,62.23,-6.59,42.8,87,73,18.34
16,Bethel,US,2020-11-27 17:25:08,41.37,-73.41,57.0,71,75,4.7
17,Aklavik,CA,2020-11-27 17:28:46,68.22,-135.01,5.0,84,90,4.7
18,Atuona,PF,2020-11-27 17:28:46,-9.8,-139.03,78.24,76,8,20.76
19,Banda Aceh,ID,2020-11-27 17:28:46,5.56,95.32,77.31,86,100,5.08
20,Alofi,NU,2020-11-27 17:28:46,-19.06,-169.92,77.0,100,100,5.82
21,Rikitea,PF,2020-11-27 17:28:47,-23.12,-134.97,75.45,86,100,23.38
22,Rio Gallegos,AR,2020-11-27 17:25:55,-51.62,-69.22,59.0,14,20,44.96
23,Hilo,US,2020-11-27 17:25:48,19.73,-155.09,69.8,77,75,6.93
24,Mataura,NZ,2020-11-27 17:28:47,-46.19,168.86,39.99,89,68,3.0
25,Yanam,IN,2020-11-27 17:28:47,16.73,82.22,71.6,88,90,13.87
26,Palmer,US,2020-11-27 17:28:47,42.16,-72.33,54.0,100,90,4.32
27,Mar Del Plata,AR,2020-11-27 17:28:40,-38.0,-57.56,78.8,31,0,18.34
28,Sibolga,ID,2020-11-27 17:28:48,1.74,98.78,77.22,80,97,4.12
29,Morondava,MG,2020-11-27 17:28:48,-20.28,44.28,80.67,70,2,14.97
30,Tiksi,RU,2020-11-27 17:28:48,71.69,128.87,-1.7,91,77,7.81
31,Bintulu,MY,2020-11-27 17:28:48,3.17,113.03,75.2,100,40,8.05
32,Butaritari,KI,2020-11-27 17:28:48,3.07,172.79,80.96,74,53,16.75
33,Zalegoshch,RU,2020-11-27 17:28:48,52.9,36.89,33.98,92,100,11.45
34,Daru,PG,2020-11-27 17:28:48,-9.08,143.21,78.04,81,56,6.22
35,Tevaitoa,PF,2020-11-27 17:28:48,-16.78,-151.5,80.46,80,71,8.66
36,Yatou,CN,2020-11-27 17:28:48,37.15,122.38,33.96,85,2,17.09
37,Pakala,IN,2020-11-27 17:28:49,13.47,79.12,67.68,92,98,3.85
38,Vila Velha,BR,2020-11-27 17:28:49,-20.33,-40.29,82.4,69,20,14.99
39,Ponta Do Sol,PT,2020-11-27 17:28:49,32.67,-17.1,66.2,68,40,9.17
40,Kazerun,IR,2020-11-27 17:28:49,29.62,51.65,63.21,60,100,3.29
41,Port Said,EG,2020-11-27 17:28:49,31.26,32.28,66.2,72,40,5.82
42,Kalmunai,LK,2020-11-27 17:28:49,7.42,81.82,79.45,83,71,3.13
43,Punta Arenas,CL,2020-11-27 17:28:49,-53.15,-70.92,42.8,81,75,25.28
44,Cartaya,ES,2020-11-27 17:28:49,37.28,-7.15,57.0,68,60,1.99
45,Qaanaaq,GL,2020-11-27 17:28:50,77.48,-69.36,-3.26,87,100,4.36
46,Margate,GB,2020-11-27 17:26:41,51.38,1.39,51.01,78,100,1.99
47,Sukhobuzimskoye,RU,2020-11-27 17:28:50,56.5,93.27,-4.0,83,0,1.28
48,Bluff,NZ,2020-11-27 17:28:50,-46.6,168.33,39.99,89,46,3.0
49,Puerto Ayora,EC,2020-11-27 17:28:50,-0.74,-90.35,78.8,69,20,9.17
50,Yamada,JP,2020-11-27 17:28:50,39.47,141.95,41.79,77,100,3.49
51,Paamiut,GL,2020-11-27 17:28:50,61.99,-49.67,28.98,95,100,17.22
52,New Norfolk,AU,2020-11-27 17:28:51,-42.78,147.06,59.0,58,90,6.93
53,Ahipara,NZ,2020-11-27 17:28:51,-35.17,173.17,56.41,73,48,13.53
54,Cabo San Lucas,MX,2020-11-27 17:25:06,22.89,-109.91,82.99,42,20,3.36
55,Nikolskoye,RU,2020-11-27 17:28:51,59.7,30.79,37.4,89,90,11.18
56,Carballo,ES,2020-11-27 17:28:52,43.21,-8.69,55.0,91,0,0.38
57,Biala Podlaska,PL,2020-11-27 17:28:52,52.03,23.12,40.12,81,100,11.23
58,Aljezur,PT,2020-11-27 17:28:52,37.32,-8.8,56.3,72,70,6.08
59,Gushikawa,JP,2020-11-27 17:28:52,26.35,127.87,69.8,93,1,19.53
60,Mandalgovi,MN,2020-11-27 17:28:52,45.76,106.27,4.62,89,100,3.06
61,Iqaluit,CA,2020-11-27 17:28:52,63.75,-68.51,21.2,85,90,18.34
62,Lavrentiya,RU,2020-11-27 17:28:53,65.58,-171.0,27.86,96,76,9.35
63,Chokurdakh,RU,2020-11-27 17:28:53,70.63,147.92,-7.46,92,100,5.86
64,Port-Gentil,GA,2020-11-27 17:28:53,-0.72,8.78,78.8,94,75,11.41
65,Bengkulu,ID,2020-11-27 17:28:53,-3.8,102.27,75.69,86,99,4.81
66,Clyde River,CA,2020-11-27 17:28:53,70.47,-68.59,-11.2,69,20,5.82
67,Mandi,IN,2020-11-27 17:25:23,31.72,76.92,49.3,48,0,7.16
68,Kota Kinabalu,MY,2020-11-27 17:28:53,5.97,116.07,78.8,88,20,3.36
69,Dikson,RU,2020-11-27 17:28:54,73.51,80.55,18.28,97,100,24.09
70,Chuy,UY,2020-11-27 17:28:54,-33.7,-53.46,74.64,52,0,11.9
71,Pestravka,RU,2020-11-27 17:28:54,52.41,49.96,21.61,97,100,8.28
72,Vaini,TO,2020-11-27 17:28:54,-21.2,-175.2,78.8,94,75,17.22
73,Mackenzie,CA,2020-11-27 17:28:54,55.3,-123.17,26.6,86,90,2.24
74,Tasiilaq,GL,2020-11-27 17:28:55,65.61,-37.64,15.8,66,20,38.03
75,Three Hills,CA,2020-11-27 17:28:55,51.7,-113.27,32.0,94,13,11.41
76,Krasnokamensk,RU,2020-11-27 17:28:55,50.1,118.04,-3.01,86,0,2.77
77,Adrar,MR,2020-11-27 17:28:55,20.5,-10.07,72.68,29,70,9.31
78,Longyearbyen,SJ,2020-11-27 17:24:30,78.22,15.64,30.2,92,75,14.99
79,Tura,IN,2020-11-27 17:28:55,25.52,90.22,66.34,54,99,3.4
80,Hofn,IS,2020-11-27 17:28:56,64.25,-15.21,39.2,68,75,25.28
81,Linguere,SN,2020-11-27 17:28:56,15.4,-15.12,90.57,13,0,12.77
82,Bagdarin,RU,2020-11-27 17:28:56,54.43,113.6,2.84,86,90,3.36
83,Georgetown,MY,2020-11-27 17:28:53,5.41,100.34,78.8,88,20,1.12
84,Griffith,US,2020-11-27 17:28:56,41.53,-87.42,43.0,93,90,8.05
85,Billings,US,2020-11-27 17:27:57,45.78,-108.5,41.0,29,75,24.16
86,Yellowknife,CA,2020-11-27 17:28:56,62.46,-114.35,9.0,84,90,13.87
87,Lima,PE,2020-11-27 17:26:07,-12.04,-77.03,73.4,64,75,6.93
88,Avera,US,2020-11-27 17:28:56,33.19,-82.53,71.6,33,1,8.05
89,Kirkland Lake,CA,2020-11-27 17:23:58,48.14,-80.04,33.8,86,62,4.88
90,Torbay,CA,2020-11-27 17:28:57,47.67,-52.73,53.6,93,90,17.22
91,Camrose,CA,2020-11-27 17:28:57,53.02,-112.84,26.01,76,32,5.01
92,Batemans Bay,AU,2020-11-27 17:28:57,-35.72,150.18,69.22,70,56,4.16
93,Norman Wells,CA,2020-11-27 17:28:57,65.28,-126.83,3.2,77,75,9.17
94,Cidreira,BR,2020-11-27 17:28:57,-30.18,-50.21,71.62,85,87,11.81
95,Pitimbu,BR,2020-11-27 17:28:57,-7.47,-34.81,87.8,55,40,18.34
96,Bonnyville,CA,2020-11-27 17:28:57,54.27,-110.73,35.6,64,75,11.41
97,Hermanus,ZA,2020-11-27 17:28:57,-34.42,19.23,66.0,67,100,8.99
98,Muros,ES,2020-11-27 17:28:57,42.78,-9.06,57.0,74,0,3.0
99,Port Lincoln,AU,2020-11-27 17:28:58,-34.73,135.87,68.11,60,79,5.93
100,Zhigansk,RU,2020-11-27 17:28:58,66.77,123.37,-1.84,91,97,17.05
101,Faya,SA,2020-11-27 17:28:58,18.39,42.45,60.8,82,0,6.93
102,Sabzevar,IR,2020-11-27 17:28:58,36.21,57.68,48.0,51,33,13.04
103,Cradock,ZA,2020-11-27 17:28:58,-32.16,25.62,67.06,52,0,14.97
104,Florianopolis,BR,2020-11-27 17:28:58,-27.61,-48.5,73.4,88,75,11.41
105,Houma,US,2020-11-27 17:28:58,29.6,-90.72,81.0,78,40,8.05
106,Orotukan,RU,2020-11-27 17:28:58,62.27,151.7,-2.74,90,100,4.16
107,Portland,US,2020-11-27 17:28:55,45.52,-122.68,39.99,100,90,3.36
108,Smithers,CA,2020-11-27 17:28:59,54.78,-127.17,23.0,100,90,3.36
109,Shizunai,JP,2020-11-27 17:28:59,42.33,142.37,35.24,80,100,6.93
110,Hithadhoo,MV,2020-11-27 17:28:59,-0.6,73.08,81.88,75,96,12.33
111,Falam,MM,2020-11-27 17:28:59,22.92,93.68,50.38,100,32,1.23
112,Upernavik,GL,2020-11-27 17:28:59,72.79,-56.15,1.31,90,0,6.76
113,Esperance,AU,2020-11-27 17:28:59,-33.87,121.9,53.6,93,75,4.7
114,Port Blair,IN,2020-11-27 17:28:59,11.67,92.75,81.41,80,98,10.54
115,Airai,TL,2020-11-27 17:28:59,-8.93,125.41,62.19,100,60,1.36
116,Savonlinna,FI,2020-11-27 17:28:59,61.87,28.88,32.0,94,90,10.29
117,Cedral,MX,2020-11-27 17:29:00,23.8,-100.73,74.73,36,65,3.18
118,Ribeira Grande,PT,2020-11-27 17:29:00,38.52,-28.7,62.6,63,40,9.17
119,Pinega,RU,2020-11-27 17:29:00,64.7,43.39,19.11,96,0,5.91
120,Pevek,RU,2020-11-27 17:29:00,69.7,170.31,14.74,94,1,10.6
121,Provideniya,RU,2020-11-27 17:29:00,64.38,-173.3,23.41,95,22,13.53
122,Katsuura,JP,2020-11-27 17:29:00,35.13,140.3,63.0,72,40,17.22
123,Sobolevo,RU,2020-11-27 17:29:00,54.43,31.9,36.57,97,100,8.01
124,Meulaboh,ID,2020-11-27 17:29:01,4.14,96.13,76.5,85,98,4.34
125,Blessington,IE,2020-11-27 17:29:01,53.17,-6.53,42.8,75,75,2.24
126,Umm Kaddadah,SD,2020-11-27 17:29:01,13.6,26.69,77.45,19,5,11.99
127,Souillac,MU,2020-11-27 17:29:01,-20.52,57.52,75.2,78,40,8.05
128,Zhuzhou,CN,2020-11-27 17:29:01,27.83,113.15,46.4,87,90,8.95
129,Port Elizabeth,ZA,2020-11-27 17:29:01,-33.92,25.57,64.4,68,75,19.46
130,Le Port,RE,2020-11-27 17:29:01,-20.94,55.29,73.4,78,75,14.99
131,Wattegama,LK,2020-11-27 17:29:01,6.8,81.48,74.52,91,71,1.81
132,Cherskiy,RU,2020-11-27 17:29:01,68.75,161.3,11.48,92,8,12.91
133,Damietta,EG,2020-11-27 17:27:06,31.42,31.81,66.2,72,40,5.82
134,Salinopolis,BR,2020-11-27 17:29:02,-0.61,-47.36,83.35,76,76,9.51
135,Odweyne,SO,2020-11-27 17:29:02,9.41,45.06,75.07,65,71,10.36
136,Lompoc,US,2020-11-27 17:29:02,34.64,-120.46,51.8,39,1,5.82
137,Geraldton,AU,2020-11-27 17:29:02,-28.77,114.6,64.4,68,0,12.75
138,Sola,VU,2020-11-27 17:29:02,-13.88,167.55,79.3,81,9,3.94
139,Okhotsk,RU,2020-11-27 17:29:02,59.38,143.3,0.79,87,73,19.62
140,Te Anau,NZ,2020-11-27 17:29:03,-45.42,167.72,35.71,86,47,1.01
141,Kapaa,US,2020-11-27 17:29:03,22.08,-159.32,75.2,78,40,16.11
142,Yar-Sale,RU,2020-11-27 17:29:03,66.83,70.83,4.84,94,36,9.17
143,Lebu,CL,2020-11-27 17:29:03,-37.62,-73.65,59.52,64,27,8.81
144,Tuktoyaktuk,CA,2020-11-27 17:29:03,69.45,-133.04,1.4,84,90,5.82
145,Holme,DK,2020-11-27 17:29:03,56.11,10.17,37.0,83,0,1.54
146,Fort Nelson,CA,2020-11-27 17:29:03,58.81,-122.7,14.0,92,20,6.93
147,Harper,LR,2020-11-27 17:29:04,4.38,-7.72,80.62,80,71,8.23
148,Kvam,NO,2020-11-27 17:29:04,61.67,9.69,24.17,84,97,1.81
149,Goiatuba,BR,2020-11-27 17:29:04,-18.01,-49.35,86.83,40,0,7.9
150,Jieshou,CN,2020-11-27 17:29:04,33.26,115.36,41.22,74,82,8.01
151,Severo-Kurilsk,RU,2020-11-27 17:29:04,50.68,156.12,26.78,91,91,23.64
152,Saskylakh,RU,2020-11-27 17:29:04,71.92,114.08,3.07,92,63,10.0
153,Bambanglipuro,ID,2020-11-27 17:26:12,-7.95,110.28,78.76,77,100,4.27
154,Tautira,PF,2020-11-27 17:29:05,-17.73,-149.15,82.4,74,75,1.12
155,Namibe,AO,2020-11-27 17:29:05,-15.2,12.15,73.49,74,49,11.03
156,Lagoa,PT,2020-11-27 17:29:05,39.05,-27.98,59.45,69,96,26.75
157,Barrow,US,2020-11-27 17:29:05,71.29,-156.79,6.8,77,90,10.29
158,Faanui,PF,2020-11-27 17:29:05,-16.48,-151.75,79.65,78,44,6.06
159,Litovko,RU,2020-11-27 17:29:05,49.24,135.17,12.04,85,0,3.15
160,Altay,CN,2020-11-27 17:29:05,47.87,88.12,17.06,78,30,5.99
161,Havre-Saint-Pierre,CA,2020-11-27 17:29:05,50.23,-63.6,35.6,93,90,9.17
162,Egvekinot,RU,2020-11-27 17:29:05,66.32,-179.17,13.5,91,0,12.57
163,Carnarvon,AU,2020-11-27 17:29:06,-24.87,113.63,68.0,68,0,25.28
164,San Andres,CO,2020-11-27 17:24:44,12.58,-81.7,87.8,70,75,14.99
165,Thompson,CA,2020-11-27 17:25:58,55.74,-97.86,10.4,92,90,5.82
166,Saint-Pierre,RE,2020-11-27 17:29:06,-21.34,55.48,77.0,73,0,4.7
167,Komsomolskiy,UZ,2020-11-27 17:29:06,40.43,71.72,33.8,74,100,2.24
168,Castro,BR,2020-11-27 17:29:06,-24.79,-50.01,76.01,71,89,4.38
169,Bastia,FR,2020-11-27 17:29:06,42.67,9.33,57.2,93,75,3.36
170,Nanortalik,GL,2020-11-27 17:29:07,60.14,-45.24,27.64,92,97,5.93
171,Ivybridge,GB,2020-11-27 17:29:07,50.39,-3.92,46.0,92,86,5.99
172,Vao,NC,2020-11-27 17:29:07,-22.67,167.48,73.0,73,1,13.42
173,Kupang,ID,2020-11-27 17:27:34,-10.17,123.58,81.46,78,61,3.24
174,Jizan,SA,2020-11-27 17:29:07,17.33,42.67,84.2,70,40,3.36
175,Guerrero Negro,MX,2020-11-27 17:24:51,27.98,-114.06,64.06,57,74,2.19
176,College,US,2020-11-27 17:29:07,64.86,-147.8,15.01,85,75,5.82
177,Hogyesz,HU,2020-11-27 17:29:07,46.5,18.42,33.8,100,90,3.36
178,West Helena,US,2020-11-27 17:29:07,34.55,-90.64,57.99,100,100,5.82
179,Lorengau,PG,2020-11-27 17:29:08,-2.02,147.27,81.21,77,100,1.99
180,Estelle,US,2020-11-27 17:29:08,29.85,-90.11,79.0,94,90,6.93
181,Rio Grande,BR,2020-11-27 17:24:17,-32.03,-52.1,78.8,61,90,16.11
182,Saint-Philippe,RE,2020-11-27 17:29:08,-21.36,55.77,77.0,73,0,4.7
183,Galesong,ID,2020-11-27 17:29:08,-5.32,119.37,75.2,94,20,6.93
184,Tual,ID,2020-11-27 17:29:08,-5.67,132.75,84.83,68,89,4.45
185,Roald,NO,2020-11-27 17:29:08,62.58,6.13,39.99,69,0,9.17
186,Leningradskiy,RU,2020-11-27 17:29:08,69.38,178.42,24.01,97,100,12.37
187,Byron Bay,AU,2020-11-27 17:26:47,-28.65,153.62,60.01,93,0,6.76
188,Bud,US,2020-11-27 17:29:09,39.45,-86.18,51.01,73,47,5.97
189,Douentza,ML,2020-11-27 17:29:09,15.0,-2.95,86.97,13,42,5.75
190,Karratha,AU,2020-11-27 17:25:15,-20.74,116.85,78.55,68,0,8.1
191,La Paz,BO,2020-11-27 17:25:38,-16.5,-68.15,64.4,27,40,13.87
192,Baykit,RU,2020-11-27 17:29:09,61.67,96.37,7.54,90,98,2.8
193,Andenes,NO,2020-11-27 17:29:09,69.31,16.12,41.0,66,40,17.22
194,Kaitangata,NZ,2020-11-27 17:29:09,-46.28,169.85,39.0,83,30,1.99
195,Hobyo,SO,2020-11-27 17:29:09,5.35,48.53,79.95,74,17,17.18
196,Mahebourg,MU,2020-11-27 17:29:09,-20.41,57.7,75.2,78,40,8.05
197,Fortuna,US,2020-11-27 17:25:49,40.6,-124.16,57.99,93,1,5.82
198,Port Alfred,ZA,2020-11-27 17:29:10,-33.59,26.89,63.86,72,76,22.93
199,Kudat,MY,2020-11-27 17:29:10,6.88,116.85,77.0,94,20,2.24
200,Pisco,PE,2020-11-27 17:29:10,-13.7,-76.22,72.0,73,0,9.17
201,Cerkezkoy,TR,2020-11-27 17:29:10,41.28,28.0,42.8,93,0,6.93
202,Port Hardy,CA,2020-11-27 17:29:10,50.7,-127.42,48.2,100,90,10.29
203,Kavaratti,IN,2020-11-27 17:29:10,10.57,72.64,81.97,78,0,11.88
204,Bambous Virieux,MU,2020-11-27 17:29:10,-20.34,57.76,75.2,78,40,8.05
205,Flinders,AU,2020-11-27 17:29:10,-34.58,150.86,66.0,92,44,5.7
206,Aquiraz,BR,2020-11-27 17:29:11,-3.9,-38.39,86.0,62,20,20.8
207,Chiantla,GT,2020-11-27 17:29:11,15.35,-91.46,69.8,68,75,3.98
208,Beausejour,CA,2020-11-27 17:29:11,50.06,-96.52,23.0,100,64,5.99
209,Isangel,VU,2020-11-27 17:29:11,-19.55,169.27,73.18,80,14,10.31
210,Svetlyy,RU,2020-11-27 17:29:11,54.67,20.13,42.8,75,75,13.42
211,Nouadhibou,MR,2020-11-27 17:29:12,20.93,-17.03,71.6,64,0,16.11
212,Seminole,US,2020-11-27 17:29:12,28.71,-81.21,82.99,51,1,3.36
213,Mandurah,AU,2020-11-27 17:25:11,-32.55,115.7,57.0,68,0,1.99
214,Kamenka,RU,2020-11-27 17:29:12,51.32,42.77,34.0,92,99,12.95
215,Koutsouras,GR,2020-11-27 17:29:12,35.03,25.95,60.01,62,4,9.19
216,Mwaya,TZ,2020-11-27 17:29:12,-9.55,33.95,81.99,62,61,2.62
217,Bodden Town,KY,2020-11-27 17:29:12,19.28,-81.25,84.2,70,40,12.75
218,Vestmannaeyjar,IS,2020-11-27 17:29:13,63.44,-20.27,37.4,64,40,25.28
219,Labuhan,ID,2020-11-27 17:29:13,-6.88,112.21,79.36,81,100,2.84
220,Northam,GB,2020-11-27 17:29:13,51.03,-4.22,44.01,88,5,5.99
221,Kahului,US,2020-11-27 17:24:56,20.89,-156.47,71.6,78,40,6.93
222,Orlik,RU,2020-11-27 17:29:14,52.52,99.83,-7.87,83,0,1.21
223,Abalak,RU,2020-11-27 17:29:14,58.13,68.59,7.32,96,92,5.57
224,Bac Lieu,VN,2020-11-27 17:29:14,9.29,105.72,78.78,80,77,11.77
225,Ilulissat,GL,2020-11-27 17:29:14,69.22,-51.1,15.8,66,40,12.75
226,Serra,BR,2020-11-27 17:29:14,-20.13,-40.31,82.4,69,20,14.99
227,Kirkwall,GB,2020-11-27 17:26:11,58.98,-2.96,42.8,93,75,2.24
228,Guilin,CN,2020-11-27 17:29:15,25.28,110.29,50.0,76,90,6.71
229,Champerico,GT,2020-11-27 17:29:15,14.3,-91.92,87.8,62,75,6.93
230,Abeche,TD,2020-11-27 17:29:15,13.83,20.83,81.59,18,57,9.13
231,Fairbanks,US,2020-11-27 17:29:10,64.84,-147.72,15.01,85,75,5.82
232,Maragogi,BR,2020-11-27 17:27:35,-9.01,-35.22,81.57,67,59,13.06
233,Hasaki,JP,2020-11-27 17:29:15,35.73,140.83,48.2,100,40,2.24
234,Codrington,AU,2020-11-27 17:29:15,-38.27,141.97,55.36,93,100,4.85
235,Turukhansk,RU,2020-11-27 17:29:16,65.82,87.98,5.5,95,100,8.43
236,Silver City,US,2020-11-27 17:25:57,32.77,-108.28,48.2,31,1,13.91
237,Anadyr,RU,2020-11-27 17:29:16,64.75,177.48,26.6,63,0,4.47
238,Buala,SB,2020-11-27 17:29:16,-8.14,159.59,79.7,77,16,2.26
239,Vostok,RU,2020-11-27 17:29:16,46.49,135.88,-1.01,95,90,4.56
240,Sao Felix Do Xingu,BR,2020-11-27 17:29:16,-6.64,-51.99,90.25,47,54,5.46
241,Kroya,ID,2020-11-27 17:29:17,-7.63,109.25,63.0,79,95,3.22
242,Noshiro,JP,2020-11-27 17:29:17,40.2,140.02,37.58,81,100,7.11
243,Richmond,US,2020-11-27 17:24:44,37.55,-77.46,66.0,52,75,4.7
244,Khrebtovaya,RU,2020-11-27 17:29:17,56.7,104.25,0.23,95,100,3.44
245,Havoysund,NO,2020-11-27 17:29:17,71.0,24.66,39.2,78,40,18.34
246,Lyndon,US,2020-11-27 17:29:17,38.26,-85.6,55.4,58,1,4.18
247,Kungurtug,RU,2020-11-27 17:29:18,50.6,97.52,2.28,86,90,1.45
248,Zhuhai,CN,2020-11-27 17:29:18,22.28,113.57,68.0,72,20,23.04
249,Alekseyevsk,RU,2020-11-27 17:29:18,57.84,108.35,5.68,93,100,4.88
250,Puerto Madero,MX,2020-11-27 17:29:18,14.72,-92.42,81.66,70,43,3.22
251,Nishihara,JP,2020-11-27 17:29:18,26.18,127.76,69.8,83,20,14.99
252,Kavieng,PG,2020-11-27 17:29:19,-2.57,150.8,82.89,76,76,10.07
253,Grants Pass,US,2020-11-27 17:29:19,42.44,-123.33,37.4,93,90,2.13
254,Victoria,HK,2020-11-27 17:28:25,22.29,114.16,69.01,73,3,11.21
255,Moron,AR,2020-11-27 17:29:19,-34.65,-58.62,86.0,39,0,12.75
256,Hambantota,LK,2020-11-27 17:29:19,6.12,81.12,77.97,86,29,6.08
257,Sitka,US,2020-11-27 17:29:19,57.05,-135.33,32.0,87,90,4.36
258,Nortelandia,BR,2020-11-27 17:29:19,-14.45,-56.8,96.39,33,1,6.58
259,Makakilo City,US,2020-11-27 17:29:19,21.35,-158.09,75.2,77,1,3.36
260,Chiredzi,ZW,2020-11-27 17:29:19,-21.05,31.67,76.91,78,40,15.7
261,Khatanga,RU,2020-11-27 17:29:20,71.97,102.5,12.18,96,100,14.76
262,Sassandra,CI,2020-11-27 17:29:20,4.95,-6.08,80.92,78,51,8.99
263,Ancud,CL,2020-11-27 17:29:20,-41.87,-73.82,59.0,93,90,14.99
264,Rudnogorsk,RU,2020-11-27 17:29:20,57.26,103.75,-0.51,94,89,1.92
265,Dalhousie,IN,2020-11-27 17:27:06,32.53,75.98,44.69,50,0,9.26
266,Bilma,NE,2020-11-27 17:29:20,18.69,12.92,71.24,23,0,5.44
267,Hobart,AU,2020-11-27 17:29:11,-42.88,147.33,59.0,58,90,6.93
268,Saint George,US,2020-11-27 17:24:55,37.1,-113.58,43.0,38,1,5.82
269,Edgewater,US,2020-11-27 17:29:20,28.99,-80.9,80.01,65,20,4.7
270,Tupik,RU,2020-11-27 17:29:21,54.43,119.93,-6.07,87,7,3.0
271,Dvorichna,UA,2020-11-27 17:29:21,49.85,37.69,40.75,82,100,11.41
272,Vestmanna,FO,2020-11-27 17:29:21,62.16,-7.17,42.8,87,68,18.34
273,Plettenberg Bay,ZA,2020-11-27 17:29:21,-34.05,23.37,64.8,72,50,21.16
274,Neuquen,AR,2020-11-27 17:29:14,-38.95,-68.06,84.2,25,0,6.93
275,Jurado,CO,2020-11-27 17:29:21,7.11,-77.76,81.9,80,75,5.97
276,Praia Da Vitoria,PT,2020-11-27 17:29:22,38.73,-27.07,60.8,77,40,27.0
277,Taktaharkany,HU,2020-11-27 17:29:22,48.08,21.13,32.0,86,90,5.82
278,Salalah,OM,2020-11-27 17:28:16,17.02,54.09,80.6,65,0,4.7
279,Porto Torres,IT,2020-11-27 17:29:22,40.84,8.4,60.8,77,0,5.82
280,Mogadishu,SO,2020-11-27 17:29:22,2.04,45.34,81.48,79,64,16.35
281,Pontypridd,GB,2020-11-27 17:29:22,51.6,-3.34,39.0,83,42,7.92
282,Fallon,US,2020-11-27 17:28:22,39.47,-118.78,30.99,63,1,4.7
283,Los Llanos De Aridane,ES,2020-11-27 17:29:22,28.66,-17.92,69.8,52,20,5.82
284,Yafran,LY,2020-11-27 17:29:22,32.06,12.53,58.23,54,0,17.58
285,Dingle,PH,2020-11-27 17:29:23,11.0,122.67,75.49,92,81,6.98
286,Khovu-Aksy,RU,2020-11-27 17:29:23,51.13,93.6,7.23,91,100,0.49
287,Khilok,RU,2020-11-27 17:29:23,51.37,110.47,3.22,91,51,3.98
288,Camacha,PT,2020-11-27 17:29:23,33.08,-16.33,66.2,68,20,20.8
289,Teguise,ES,2020-11-27 17:29:23,29.06,-13.56,68.0,68,20,16.11
290,Zhizdra,RU,2020-11-27 17:29:23,53.75,34.74,34.54,96,100,8.61
291,Cravo Norte,CO,2020-11-27 17:29:24,6.3,-70.2,80.65,83,100,6.91
292,Metro,ID,2020-11-27 17:29:24,-5.11,105.31,76.53,85,98,7.05
293,Abilene,US,2020-11-27 17:29:24,32.45,-99.73,54.0,50,1,14.99
294,East London,ZA,2020-11-27 17:29:24,-33.02,27.91,62.6,77,20,12.75
295,San Patricio,US,2020-11-27 17:29:24,28.02,-97.52,82.4,69,75,12.75
296,Kruisfontein,ZA,2020-11-27 17:29:24,-34.0,24.73,64.0,71,73,5.99
297,Pochutla,MX,2020-11-27 17:29:24,15.74,-96.47,91.4,46,5,3.96
298,Dayong,CN,2020-11-27 17:29:24,25.02,118.29,66.2,72,75,13.42
299,Eyrarbakki,IS,2020-11-27 17:29:25,63.86,-21.15,33.8,80,75,27.51
300,Quatre Cocos,MU,2020-11-27 17:29:25,-20.21,57.76,75.2,78,40,8.05
301,Agadez,NE,2020-11-27 17:29:25,19.75,10.25,72.82,21,0,8.3
302,Mercedes,AR,2020-11-27 17:29:25,-34.65,-59.43,88.0,43,0,8.01
303,Kodiak,US,2020-11-27 17:27:06,57.79,-152.41,28.4,68,1,5.82
304,Taoudenni,ML,2020-11-27 17:29:26,22.68,-3.98,75.49,28,19,11.74
305,Sao Geraldo Do Araguaia,BR,2020-11-27 17:29:26,-6.4,-48.55,85.68,54,100,4.85
306,Tombouctou,ML,2020-11-27 17:29:26,20.0,-3.0,78.96,16,4,7.45
307,Tadine,NC,2020-11-27 17:29:26,-21.55,167.88,71.15,69,0,10.49
308,Ludvika,SE,2020-11-27 17:29:06,60.15,15.19,28.0,92,4,2.24
309,Khor,RU,2020-11-27 17:29:26,47.89,134.95,10.38,91,0,9.48
310,Wanning,CN,2020-11-27 17:29:26,18.8,110.4,71.49,83,68,13.04
311,Iseyin,NG,2020-11-27 17:29:27,7.97,3.6,87.87,47,36,4.38
312,Vardo,NO,2020-11-27 17:29:27,70.37,31.11,30.2,80,0,41.38
313,Binzhou,CN,2020-11-27 17:29:27,37.37,118.02,34.0,66,21,5.97
314,Sistranda,NO,2020-11-27 17:29:27,63.73,8.83,37.4,74,40,14.99
315,Salinas,US,2020-11-27 17:27:21,36.68,-121.66,53.6,45,1,12.75
316,Tezu,IN,2020-11-27 17:29:27,27.92,96.17,66.33,42,100,1.12
317,Aksu,CN,2020-11-27 17:29:27,41.12,80.26,29.01,78,98,0.18
318,Fort-Shevchenko,KZ,2020-11-27 17:29:27,44.51,50.26,36.66,79,53,4.27
319,Mount Gambier,AU,2020-11-27 17:29:27,-37.83,140.77,57.2,87,98,8.05
320,Takoradi,GH,2020-11-27 17:29:27,4.88,-1.76,80.89,79,56,11.54
321,Cascas,PE,2020-11-27 17:29:28,-7.48,-78.82,68.0,45,75,3.36
322,Monterey,US,2020-11-27 17:29:28,36.25,-121.25,48.99,20,0,2.77
323,Camapua,BR,2020-11-27 17:29:28,-19.53,-54.04,93.13,31,38,4.14
324,Gaoua,BF,2020-11-27 17:29:28,10.3,-3.25,92.07,17,80,2.08
325,Sao Joao Da Barra,BR,2020-11-27 17:29:28,-21.64,-41.05,84.2,58,0,18.34
326,Caravelas,BR,2020-11-27 17:29:28,-17.71,-39.25,80.92,65,100,7.45
327,Vila Franca Do Campo,PT,2020-11-27 17:29:28,37.72,-25.43,62.6,72,40,17.22
328,Riviere-Au-Renard,CA,2020-11-27 17:29:28,49.0,-64.4,41.0,93,75,6.89
329,Sechura,PE,2020-11-27 17:29:29,-5.56,-80.82,75.13,56,98,5.26
330,Omsukchan,RU,2020-11-27 17:29:29,62.53,155.8,-3.84,88,100,5.91
331,Sarai Sidhu,PK,2020-11-27 17:29:29,30.59,71.97,59.0,72,0,4.7
332,Yongchang,CN,2020-11-27 17:29:29,30.04,119.73,50.0,92,100,4.83
333,Bukama,CD,2020-11-27 17:29:29,-9.2,25.85,77.61,72,84,2.89
334,Anloga,GH,2020-11-27 17:29:29,5.79,0.9,84.2,74,20,12.75
335,Ennis,IE,2020-11-27 17:29:29,52.84,-8.99,42.8,87,20,5.82
336,Kodinsk,RU,2020-11-27 17:29:29,58.69,99.18,5.99,92,24,1.9
337,Hervey Bay,AU,2020-11-27 17:25:46,-25.3,152.85,68.0,80,31,1.01
338,Natitingou,BJ,2020-11-27 17:29:30,10.3,1.38,91.4,33,40,6.93
339,Pijijiapan,MX,2020-11-27 17:29:30,15.7,-93.23,91.26,47,61,3.13
340,Berlevag,NO,2020-11-27 17:29:30,70.86,29.09,37.4,79,75,35.57
341,Necochea,AR,2020-11-27 17:29:30,-38.55,-58.74,81.55,26,0,18.9
342,Neryungri,RU,2020-11-27 17:25:39,56.67,124.65,0.75,90,100,7.78
343,Ranfurly,NZ,2020-11-27 17:29:30,-45.13,170.1,28.99,93,4,0.96
344,Ossora,RU,2020-11-27 17:29:31,59.24,163.07,10.81,85,26,6.82
345,Batavia,US,2020-11-27 17:27:53,41.85,-88.31,41.0,86,90,10.29
346,Aranos,NA,2020-11-27 17:29:31,-24.13,19.12,86.79,25,75,19.8
347,Darnah,LY,2020-11-27 17:29:31,32.77,22.64,62.64,70,38,11.39
348,Shache,CN,2020-11-27 17:29:31,38.42,77.24,21.11,90,23,4.38
349,Coahuayana,MX,2020-11-27 17:29:31,18.73,-103.68,78.8,74,40,2.8
350,Bathsheba,BB,2020-11-27 17:29:31,13.22,-59.52,82.4,78,75,12.75
351,Sterling,US,2020-11-27 17:29:32,39.01,-77.43,59.0,58,75,4.7
352,Sivas,TR,2020-11-27 17:29:32,39.79,37.0,26.6,63,0,8.05
353,Shu,KZ,2020-11-27 17:29:32,43.6,73.76,35.28,83,100,3.62
354,Weihe,CN,2020-11-27 17:29:32,33.0,105.32,35.94,81,100,5.26
355,Podgorica,ME,2020-11-27 17:29:32,42.44,19.26,44.6,45,0,3.36
356,Havelock,US,2020-11-27 17:29:32,34.88,-76.9,72.0,73,1,2.39
357,Say,NE,2020-11-27 17:29:32,13.1,2.37,95.0,16,23,2.24
358,Bima,ID,2020-11-27 17:29:33,-8.47,118.72,78.42,87,98,3.62
359,Manzhouli,CN,2020-11-27 17:29:33,49.6,117.43,0.43,87,0,7.31
360,Kirkuk,IQ,2020-11-27 17:29:33,35.47,44.39,56.86,59,95,12.5
361,Axim,GH,2020-11-27 17:29:33,4.87,-2.24,80.82,79,57,10.27
362,Pinawa,CA,2020-11-27 17:29:33,50.15,-95.88,21.31,91,86,9.01
363,Sibiti,CG,2020-11-27 17:29:33,-3.68,13.35,73.87,96,99,2.13
364,Beaverlodge,CA,2020-11-27 17:29:33,55.22,-119.44,32.0,95,75,9.17
365,Narsaq,GL,2020-11-27 17:29:33,60.92,-46.05,17.6,57,75,6.93
366,Birjand,IR,2020-11-27 17:29:34,32.87,59.22,51.8,25,75,4.7
367,Basco,PH,2020-11-27 17:26:58,20.45,121.97,77.34,77,8,30.58
368,Mehamn,NO,2020-11-27 17:29:34,71.04,27.85,37.4,69,0,19.46
369,Saint Anthony,US,2020-11-27 17:28:57,45.02,-93.22,33.8,63,1,10.29
370,Maniitsoq,GL,2020-11-27 17:29:34,65.42,-52.9,24.71,92,100,10.11
371,Aasiaat,GL,2020-11-27 17:29:34,68.71,-52.87,14.34,87,100,3.94
372,Vaitape,PF,2020-11-27 17:29:34,-16.52,-151.75,80.51,77,44,6.26
373,Palmerston,AU,2020-11-27 17:29:34,-12.49,130.98,84.2,79,60,8.05
374,Chicama,PE,2020-11-27 17:29:35,-7.84,-79.15,68.0,77,0,12.75
375,Matagami,CA,2020-11-27 17:29:35,49.75,-77.63,30.2,80,90,6.93
376,Mitsamiouli,KM,2020-11-27 17:29:35,-11.38,43.28,82.04,75,11,8.5
377,Makhalino,RU,2020-11-27 17:29:35,53.09,46.22,29.03,99,100,9.17
378,Abu Samrah,SY,2020-11-27 17:29:35,35.3,37.18,53.17,44,48,9.04
379,Aleksandrov Gay,RU,2020-11-27 17:29:35,50.15,48.57,30.99,99,100,11.5
380,Tuatapere,NZ,2020-11-27 17:29:35,-46.13,167.68,39.99,89,51,3.0
381,Padang,ID,2020-11-27 17:29:35,-0.95,100.35,77.65,77,99,3.76
382,Nassau,US,2020-11-27 17:29:36,40.75,-73.58,62.6,48,75,8.05
383,Shanghai,CN,2020-11-27 17:25:41,31.22,121.46,51.01,71,0,11.18
384,Aksarka,RU,2020-11-27 17:29:36,66.56,67.8,2.79,94,57,8.97
385,Alcudia,ES,2020-11-27 17:29:36,39.85,3.12,61.0,77,0,9.17
386,Sicuani,PE,2020-11-27 17:29:36,-14.27,-71.23,62.65,35,45,4.47
387,Richards Bay,ZA,2020-11-27 17:29:36,-28.78,32.04,68.59,70,78,8.84
388,Carutapera,BR,2020-11-27 17:29:36,-1.2,-46.02,81.9,83,76,7.87
389,Porto Novo,BJ,2020-11-27 17:29:36,6.5,2.6,84.2,79,40,12.75
390,Andros Town,BS,2020-11-27 17:29:36,24.7,-77.77,78.8,69,40,10.29
391,Ugoofaaru,MV,2020-11-27 17:29:37,5.67,73.0,83.7,66,63,6.91
392,Kulhudhuffushi,MV,2020-11-27 17:29:37,6.62,73.07,82.87,68,5,7.38
393,Diamantino,BR,2020-11-27 17:29:37,-14.41,-56.45,94.21,37,0,6.98
394,Deputatskiy,RU,2020-11-27 17:29:37,69.3,139.9,-12.19,90,100,6.67
395,Nueva Concepcion,GT,2020-11-27 17:29:37,14.2,-91.3,87.8,62,75,6.93
396,Port Hawkesbury,CA,2020-11-27 17:29:37,45.62,-61.35,55.99,100,90,9.17
397,Helong,CN,2020-11-27 17:29:37,42.54,129.0,15.42,81,0,6.64
398,Lanzhou,CN,2020-11-27 17:29:37,36.06,103.79,33.01,52,100,4.34
399,Santa Cruz Del Sur,CU,2020-11-27 17:29:38,20.71,-78.0,82.27,70,4,11.72
400,Villanueva De Cordoba,ES,2020-11-27 17:29:38,38.32,-4.63,51.8,93,90,1.12
401,Deloraine,AU,2020-11-27 17:29:38,-41.53,146.67,57.0,95,100,1.23
402,Vryburg,ZA,2020-11-27 17:29:38,-26.96,24.73,74.55,45,62,8.95
403,Methoni,GR,2020-11-27 17:29:38,36.82,21.7,57.99,76,40,1.16
404,Salaga,GH,2020-11-27 17:29:38,8.55,-0.52,91.15,39,88,2.66
405,Warrington,GB,2020-11-27 17:25:28,53.39,-2.58,42.01,93,30,5.82
406,Jackson,US,2020-11-27 17:25:04,42.42,-122.83,33.8,86,90,1.25
407,Atikokan,CA,2020-11-27 17:29:39,48.76,-91.62,25.25,94,88,9.75
408,Nuuk,GL,2020-11-27 17:29:39,64.18,-51.72,24.8,85,75,16.11
409,Poya,NC,2020-11-27 17:29:39,-21.35,165.15,68.85,72,19,5.64
410,Boysun,UZ,2020-11-27 17:29:39,38.21,67.2,46.69,46,100,4.81
411,Mbandaka,CD,2020-11-27 17:29:39,0.05,18.26,78.91,72,97,2.71
412,Huntsville,US,2020-11-27 17:28:50,34.73,-86.59,64.99,55,1,4.7
413,Olinda,BR,2020-11-27 17:29:39,-8.01,-34.86,84.2,54,40,11.41
414,Lere,NG,2020-11-27 17:29:39,10.39,8.57,79.63,28,0,4.25
415,Vilhena,BR,2020-11-27 17:29:40,-12.74,-60.15,80.6,74,75,5.82
416,Grand Gaube,MU,2020-11-27 17:29:40,-20.01,57.66,75.0,75,12,7.0
417,Ridgecrest,US,2020-11-27 17:29:40,35.62,-117.67,53.01,39,0,2.8
418,Xingcheng,CN,2020-11-27 17:29:40,40.62,120.72,24.39,79,0,12.37
419,Rena,NO,2020-11-27 17:29:40,61.13,11.36,29.25,92,89,2.91
420,Zatoka,UA,2020-11-27 17:29:40,46.07,30.47,33.8,80,0,4.47
421,Mount Isa,AU,2020-11-27 17:29:40,-20.73,139.5,77.0,61,42,4.7
422,Biak,ID,2020-11-27 17:29:40,-0.91,122.88,79.09,75,99,1.61
423,Novikovo,RU,2020-11-27 17:29:40,51.15,37.89,37.72,84,100,9.35
424,Ixtapa,MX,2020-11-27 17:29:41,20.7,-105.2,80.6,57,20,2.24
425,Taybad,IR,2020-11-27 17:29:41,34.74,60.78,45.16,55,100,22.3
426,Nokaneng,BW,2020-11-27 17:29:41,-19.67,22.27,83.01,44,47,8.5
427,Kirakira,SB,2020-11-27 17:29:41,-10.45,161.92,78.13,79,43,4.29
428,Kourou,GF,2020-11-27 17:29:41,5.16,-52.65,77.0,94,11,3.36
429,Igrim,RU,2020-11-27 17:29:41,63.19,64.42,11.88,95,18,2.98
430,Guiren,CN,2020-11-27 17:29:41,33.67,118.19,39.0,74,96,5.61
431,Bose,IT,2020-11-27 17:29:41,45.46,8.01,43.0,78,82,0.78
432,Nome,US,2020-11-27 17:29:41,64.5,-165.41,21.99,85,90,6.93
433,Bhatkal,IN,2020-11-27 17:29:41,13.97,74.57,76.59,67,13,10.36
434,Shahrud,IR,2020-11-27 17:29:42,36.42,54.98,38.86,72,55,9.19
435,Yining,CN,2020-11-27 17:29:42,29.04,114.56,45.7,86,100,2.82
436,Babai,IN,2020-11-27 17:29:42,22.7,77.93,61.34,46,38,5.91
437,Colgong,IN,2020-11-27 17:29:42,25.27,87.22,67.6,60,100,4.88
438,Greenwood,US,2020-11-27 17:29:42,34.17,-82.12,68.0,52,1,4.7
439,Altamira,BR,2020-11-27 17:25:20,-3.2,-52.21,82.4,74,75,4.7
440,Westport,US,2020-11-27 17:29:42,41.14,-73.36,60.01,67,75,8.05
441,Korla,CN,2020-11-27 17:29:42,41.76,86.15,22.64,85,20,2.73
442,Lata,PT,2020-11-27 17:29:42,40.16,-8.33,57.99,86,42,3.0
443,Rock Sound,BS,2020-11-27 17:29:43,24.9,-76.2,77.04,68,0,6.06
444,Shelburne,CA,2020-11-27 17:29:43,44.08,-80.2,43.0,99,100,8.01
445,Datong,CN,2020-11-27 17:29:43,40.09,113.29,16.88,89,63,1.79
446,Touros,BR,2020-11-27 17:29:43,-5.2,-35.46,84.2,66,75,17.22
447,Mhlume,SZ,2020-11-27 17:29:43,-26.03,31.85,66.2,82,85,1.12
448,Canton,CN,2020-11-27 17:27:05,23.12,113.25,64.0,72,0,13.42
449,Chissamba,AO,2020-11-27 17:29:43,-12.17,17.33,68.18,86,100,1.68
450,Thinadhoo,MV,2020-11-27 17:29:43,0.53,72.93,82.22,75,38,10.98
451,Soyo,AO,2020-11-27 17:29:43,-6.13,12.37,79.36,82,35,10.83
452,Nizhniy Kuranakh,RU,2020-11-27 17:29:44,58.84,125.49,4.59,92,100,7.43
453,Indian Head,US,2020-11-27 17:29:44,38.6,-77.16,62.01,55,90,3.22
454,Lugovoy,KZ,2020-11-27 17:29:44,42.95,72.76,34.5,81,100,2.44
455,Plouzane,FR,2020-11-27 17:29:36,48.38,-4.62,51.8,93,0,5.82
456,Carquefou,FR,2020-11-27 17:29:44,47.3,-1.49,50.0,93,82,3.36
457,Reconquista,AR,2020-11-27 17:29:44,-29.15,-59.65,87.51,52,21,10.49
458,Tsabong,BW,2020-11-27 17:29:44,-26.02,22.4,87.01,30,68,24.58
459,Opuwo,NA,2020-11-27 17:29:44,-18.06,13.84,85.5,26,92,7.54
460,Ojinaga,MX,2020-11-27 17:29:44,29.57,-104.42,71.6,33,1,4.7
461,Kidal,ML,2020-11-27 17:29:45,18.44,1.41,80.29,14,0,8.28
462,Cacoal,BR,2020-11-27 17:29:45,-11.44,-61.45,91.36,47,100,7.61
463,Ronne,DK,2020-11-27 17:29:45,55.1,14.71,35.6,100,0,2.24
464,Andra,RU,2020-11-27 17:29:45,62.51,65.89,8.6,95,76,4.45
465,Mpwapwa,TZ,2020-11-27 17:29:45,-6.35,36.48,75.56,58,0,6.15
466,Iquitos,PE,2020-11-27 17:29:45,-3.75,-73.25,80.6,83,75,4.7
467,Santa Isabel Do Rio Negro,BR,2020-11-27 17:29:45,-0.41,-65.02,84.58,85,56,2.06
468,Cururupu,BR,2020-11-27 17:29:46,-1.83,-44.87,86.77,62,69,7.14
469,Lisakovsk,KZ,2020-11-27 17:29:46,52.54,62.49,14.72,97,86,2.57
470,Pontianak,ID,2020-11-27 17:29:46,-0.03,109.33,74.93,94,100,3.85
471,General Roca,AR,2020-11-27 17:29:46,-39.03,-67.58,84.2,25,0,6.93
472,Atasu,KZ,2020-11-27 17:29:46,48.68,71.64,21.06,95,100,9.69
473,Ginir,ET,2020-11-27 17:29:46,7.13,40.7,58.89,94,71,1.48
474,Hirara,JP,2020-11-27 17:29:46,24.8,125.28,72.99,80,24,27.38
475,Caldwell,US,2020-11-27 17:29:47,43.66,-116.69,34.0,77,1,8.05
476,Qaqortoq,GL,2020-11-27 17:29:47,60.72,-46.03,17.6,57,75,6.93
477,Newport,GB,2020-11-27 17:29:47,51.59,-3.0,39.0,98,54,1.01
478,Jardim,BR,2020-11-27 17:29:47,-21.48,-56.14,97.66,31,77,4.88
479,Tela,HN,2020-11-27 17:29:47,15.78,-87.45,84.2,79,40,8.05
480,Constitucion,CL,2020-11-27 17:29:47,-35.33,-72.42,65.93,48,0,16.17
481,Gweta,BW,2020-11-27 17:29:47,-20.18,25.23,92.19,21,0,11.52
482,Sabha,LY,2020-11-27 17:29:47,27.04,14.43,62.19,35,1,10.29
483,Kamaishi,JP,2020-11-27 17:29:47,39.27,141.88,42.64,74,100,4.88
484,Ubinskoye,RU,2020-11-27 17:29:48,55.31,79.68,1.6,94,4,5.82
485,Sinnamary,GF,2020-11-27 17:29:48,5.38,-52.95,85.46,64,2,11.21
486,Rawson,AR,2020-11-27 17:29:48,-43.3,-65.1,79.09,23,84,16.08
487,Honiara,SB,2020-11-27 17:29:48,-9.43,159.95,73.4,100,20,2.24
488,Karasjok,NO,2020-11-27 17:28:41,69.47,25.51,30.2,68,0,19.46
489,Medicine Hat,CA,2020-11-27 17:26:18,50.05,-110.67,39.2,64,75,16.11
490,Sorland,NO,2020-11-27 17:29:48,67.67,12.69,42.8,70,40,16.11
491,Nusaybin,TR,2020-11-27 17:25:16,37.08,41.22,55.4,66,40,6.93
492,Ozinki,RU,2020-11-27 17:29:48,51.18,49.68,27.41,98,100,10.0
493,Waipawa,NZ,2020-11-27 17:29:48,-41.41,175.52,53.6,71,83,21.92
494,Mwanza,TZ,2020-11-27 17:29:49,-2.52,32.9,75.76,69,34,9.35
495,Lykhivka,UA,2020-11-27 17:29:49,48.69,33.92,41.63,85,69,7.58
496,Ternate,ID,2020-11-27 17:29:49,0.8,127.4,79.47,82,70,3.96
497,Nantucket,US,2020-11-27 17:27:00,41.28,-70.1,60.8,72,90,4.7
498,Tazovskiy,RU,2020-11-27 17:28:08,67.47,78.7,8.17,95,100,8.79
499,Alice Town,BS,2020-11-27 17:29:49,25.72,-79.3,77.36,72,27,10.89
500,Oussouye,SN,2020-11-27 17:29:49,12.48,-16.55,89.6,25,0,6.93
501,Awjilah,LY,2020-11-27 17:29:49,29.11,21.29,60.42,52,0,7.05
502,Urengoy,RU,2020-11-27 17:25:06,65.97,78.37,4.77,94,100,7.74
503,Bubaque,GW,2020-11-27 17:29:50,11.28,-15.83,84.0,44,0,7.16
504,Yarada,IN,2020-11-27 17:29:50,17.65,83.27,68.0,88,90,11.41
505,Goba,ET,2020-11-27 17:29:50,7.02,39.98,51.93,91,70,0.69
506,Dubai,AE,2020-11-27 17:25:46,25.26,55.3,79.0,38,0,11.41
507,Hailar,CN,2020-11-27 17:29:50,49.2,119.7,-1.08,89,0,3.18
508,Tingo Maria,PE,2020-11-27 17:29:50,-9.29,-76.01,87.8,58,20,3.36
509,Baiyin,CN,2020-11-27 17:29:50,36.56,104.21,33.01,62,100,2.24
510,Kiama,AU,2020-11-27 17:29:50,-34.68,150.87,66.0,92,53,6.53
511,Tucuma,BR,2020-11-27 17:29:50,-0.18,-50.05,87.78,58,47,5.23
512,Tatawin,TN,2020-11-27 17:29:51,32.93,10.45,68.0,34,0,4.7
513,Ararangua,BR,2020-11-27 17:29:51,-28.93,-49.49,68.97,96,100,4.12
514,Krasnoselkup,RU,2020-11-27 17:29:51,65.7,82.47,3.51,94,100,8.32
515,Optasi,RO,2020-11-27 17:29:51,44.58,24.65,32.0,61,90,5.82
516,Novopokrovka,UA,2020-11-27 17:29:51,49.84,36.55,41.0,86,75,8.95
517,Scottsboro,US,2020-11-27 17:25:36,34.67,-86.03,64.0,100,1,1.14
518,Cumberland,US,2020-11-27 17:29:52,35.05,-78.87,71.6,64,20,4.65
519,Shingu,JP,2020-11-27 17:29:52,33.73,135.98,53.92,77,34,8.08
520,Makinsk,KZ,2020-11-27 17:29:52,52.63,70.42,12.07,97,78,3.83
521,Yumen,CN,2020-11-27 17:29:52,40.28,97.2,18.88,81,23,4.5
522,New Castle,US,2020-11-27 17:29:52,41.0,-80.35,51.01,66,90,5.82
523,Bandarbeyla,SO,2020-11-27 17:29:52,9.49,50.81,76.33,75,0,15.52
524,Muswellbrook,AU,2020-11-27 17:29:52,-32.27,150.9,68.0,80,66,10.0
525,Somerset East,ZA,2020-11-27 17:29:38,-32.72,25.59,57.88,76,1,20.2
526,Osakarovka,KZ,2020-11-27 17:29:53,50.56,72.57,13.98,93,70,6.49
527,Tateyama,JP,2020-11-27 17:29:53,34.98,139.87,63.0,72,40,17.22
528,Quelimane,MZ,2020-11-27 17:29:53,-17.88,36.89,86.0,74,75,17.22
529,Czestochowa,PL,2020-11-27 17:26:36,50.8,19.12,37.99,100,90,4.7
530,Belaya Gora,RU,2020-11-27 17:29:53,68.53,146.42,-6.32,91,100,10.87
531,Birmitrapur,IN,2020-11-27 17:29:53,22.4,84.77,66.65,59,96,3.89
532,Musafirkhana,IN,2020-11-27 17:29:53,26.37,81.8,67.03,39,4,4.94
533,Ihosy,MG,2020-11-27 17:29:53,-22.4,46.12,80.4,50,72,4.56
534,Kristiinankaupunki,FI,2020-11-27 17:29:53,62.27,21.38,31.86,95,35,7.45
535,Mackay,AU,2020-11-27 17:29:54,-21.15,149.2,77.0,65,40,16.11
536,Onega,RU,2020-11-27 17:29:54,63.91,38.14,24.53,96,96,7.83
537,Puerto Leguizamo,CO,2020-11-27 17:29:54,-0.19,-74.78,91.53,51,43,4.68
538,Saldanha,ZA,2020-11-27 17:29:54,-33.01,17.94,80.6,24,93,16.11
539,Gramoteino,RU,2020-11-27 17:29:54,54.54,86.38,5.27,92,0,3.83
540,Lac-Megantic,CA,2020-11-27 17:29:54,45.58,-70.88,42.01,100,100,8.01
541,Mantua,IT,2020-11-27 17:29:54,45.17,10.78,39.99,99,5,2.19
542,Kuusamo,FI,2020-11-27 17:29:54,65.97,29.18,28.4,92,90,1.12
543,Malatya,TR,2020-11-27 17:29:54,38.5,38.0,28.4,86,0,5.82
544,Tarrafal,CV,2020-11-27 17:29:55,15.28,-23.77,80.6,51,20,16.11
545,San Quintin,MX,2020-11-27 17:29:55,30.48,-115.95,61.97,35,0,0.96
546,Mutuipe,BR,2020-11-27 17:29:55,-13.23,-39.5,77.59,71,100,7.56
547,Tucupita,VE,2020-11-27 17:29:55,9.06,-62.05,86.68,68,59,3.85
548,At-Bashi,KG,2020-11-27 17:29:55,41.17,75.81,26.19,77,100,3.27
549,Ucluelet,CA,2020-11-27 17:26:41,48.93,-125.55,52.0,100,90,9.17
550,Vilyuysk,RU,2020-11-27 17:29:55,63.76,121.62,-1.44,92,96,7.34
551,Xam Nua,LA,2020-11-27 17:29:55,20.42,104.04,56.97,95,34,2.15
552,Raudeberg,NO,2020-11-27 17:29:56,61.99,5.14,42.01,87,98,14.47
553,Floro,NO,2020-11-27 17:29:56,61.6,5.03,42.8,70,75,10.29
554,Sarakhs,IR,2020-11-27 17:29:56,36.54,61.16,44.6,75,90,6.93
555,Coquimbo,CL,2020-11-27 17:29:56,-29.95,-71.34,64.4,68,20,12.75
556,Ballitoville,ZA,2020-11-27 17:29:56,-29.54,31.21,64.4,88,90,4.7
557,Saint-Augustin,CA,2020-11-27 17:29:56,51.23,-58.65,38.32,97,100,13.69
558,Minsk,BY,2020-11-27 17:27:56,53.9,27.57,35.6,93,75,8.95
559,Husavik,IS,2020-11-27 17:29:56,66.04,-17.34,33.8,80,90,23.04
560,Hamilton,US,2020-11-27 17:27:27,39.18,-84.53,54.0,58,90,3.36
561,Golden,US,2020-11-27 17:25:23,39.76,-105.22,36.0,69,5,3.04
562,Valparaiso,CL,2020-11-27 17:29:57,-33.04,-71.63,62.6,72,0,5.82
563,Krasnoborsk,RU,2020-11-27 17:29:57,61.56,45.93,17.01,96,95,7.7
564,Kuching,MY,2020-11-27 17:29:57,1.55,110.33,73.4,100,40,3.36
565,Petropavlovsk-Kamchatskiy,RU,2020-11-27 17:29:57,53.05,158.65,10.4,85,34,4.47
566,Kisanga,TZ,2020-11-27 17:29:57,-7.44,37.7,81.21,66,5,7.02
567,Lasa,IT,2020-11-27 17:29:57,46.62,10.7,36.0,65,5,1.3
568,Rafraf,TN,2020-11-27 17:29:58,37.19,10.18,64.4,88,40,13.87
569,Yulara,AU,2020-11-27 17:29:58,-25.24,130.99,77.0,25,40,2.13
570,Bom Jardim,BR,2020-11-27 17:29:58,-7.8,-35.59,89.6,40,40,14.99
